MutantNo,[FAIL | TIME | EXC | LIVE | UNCOV]
15,UNCOV
16,UNCOV
17,UNCOV
18,UNCOV
19,UNCOV
20,UNCOV
21,UNCOV
22,UNCOV
23,UNCOV
24,UNCOV
25,UNCOV
26,UNCOV
27,UNCOV
28,UNCOV
29,UNCOV
30,UNCOV
31,UNCOV
32,UNCOV
33,UNCOV
34,UNCOV
35,UNCOV
36,UNCOV
37,UNCOV
38,UNCOV
39,UNCOV
40,UNCOV
41,UNCOV
42,UNCOV
43,UNCOV
44,UNCOV
45,UNCOV
46,UNCOV
47,UNCOV
48,UNCOV
49,UNCOV
50,UNCOV
51,UNCOV
52,UNCOV
53,UNCOV
54,UNCOV
55,UNCOV
56,UNCOV
57,UNCOV
58,UNCOV
59,UNCOV
60,UNCOV
61,UNCOV
62,UNCOV
63,UNCOV
64,UNCOV
65,UNCOV
66,UNCOV
67,UNCOV
68,UNCOV
69,UNCOV
70,UNCOV
71,UNCOV
72,UNCOV
73,UNCOV
74,UNCOV
75,UNCOV
76,UNCOV
77,UNCOV
78,UNCOV
79,UNCOV
80,UNCOV
81,UNCOV
82,UNCOV
83,UNCOV
84,UNCOV
85,UNCOV
86,UNCOV
87,UNCOV
88,UNCOV
89,UNCOV
90,UNCOV
91,UNCOV
92,UNCOV
93,UNCOV
94,UNCOV
95,UNCOV
96,UNCOV
97,UNCOV
98,UNCOV
99,UNCOV
100,UNCOV
101,UNCOV
102,UNCOV
103,UNCOV
104,UNCOV
105,UNCOV
106,UNCOV
107,UNCOV
108,UNCOV
109,UNCOV
110,UNCOV
111,UNCOV
112,UNCOV
113,UNCOV
114,UNCOV
115,UNCOV
116,UNCOV
117,UNCOV
118,UNCOV
119,UNCOV
120,UNCOV
121,UNCOV
122,UNCOV
123,UNCOV
124,UNCOV
125,UNCOV
126,UNCOV
127,UNCOV
128,UNCOV
129,UNCOV
130,UNCOV
131,UNCOV
132,UNCOV
133,UNCOV
134,UNCOV
135,UNCOV
136,UNCOV
137,UNCOV
138,UNCOV
139,UNCOV
140,UNCOV
141,UNCOV
142,UNCOV
143,UNCOV
144,UNCOV
145,UNCOV
146,UNCOV
147,UNCOV
148,UNCOV
149,UNCOV
150,UNCOV
151,UNCOV
152,UNCOV
153,UNCOV
154,UNCOV
155,UNCOV
156,UNCOV
157,UNCOV
158,UNCOV
159,UNCOV
160,UNCOV
161,UNCOV
162,UNCOV
163,UNCOV
164,UNCOV
165,UNCOV
166,UNCOV
167,UNCOV
168,UNCOV
169,UNCOV
170,UNCOV
171,UNCOV
172,UNCOV
173,UNCOV
174,UNCOV
175,UNCOV
176,UNCOV
177,UNCOV
178,UNCOV
179,UNCOV
180,UNCOV
181,UNCOV
182,UNCOV
183,UNCOV
184,UNCOV
185,UNCOV
186,UNCOV
187,UNCOV
188,UNCOV
189,UNCOV
190,UNCOV
191,UNCOV
192,UNCOV
193,UNCOV
194,UNCOV
195,UNCOV
196,UNCOV
197,UNCOV
198,FAIL
199,FAIL
200,FAIL
201,FAIL
202,FAIL
203,FAIL
204,FAIL
205,FAIL
206,FAIL
207,FAIL
208,FAIL
209,FAIL
210,FAIL
211,FAIL
212,FAIL
213,FAIL
214,FAIL
215,FAIL
216,FAIL
217,FAIL
218,FAIL
219,FAIL
220,FAIL
221,FAIL
222,FAIL
223,FAIL
224,FAIL
225,FAIL
226,FAIL
227,FAIL
228,FAIL
229,FAIL
230,FAIL
231,FAIL
232,FAIL
233,FAIL
234,FAIL
235,FAIL
236,FAIL
237,FAIL
238,EXC
239,FAIL
240,FAIL
241,EXC
242,FAIL
243,UNCOV
244,UNCOV
245,FAIL
246,UNCOV
247,UNCOV
248,FAIL
249,FAIL
250,FAIL
251,FAIL
252,FAIL
253,FAIL
254,FAIL
255,FAIL
256,FAIL
257,FAIL
258,FAIL
259,FAIL
260,UNCOV
261,FAIL
262,EXC
263,FAIL
264,EXC
265,FAIL
266,FAIL
